ID,NOMBRE,PRECIO,PAGINA,COLUMNA
1,"MIX TROPICAL x 2.5 kg",24.162,21,1,IZQ
2,"MIX TROPICAL x 1 Kg",10.134,65,1,IZQ
3,"MIX TROPICAL x 5 Kg",46.101,61,1,IZQ
4,"MIX FRUT. SECOS ECONOMICO x 5 kg",29.171,94,1,IZQ
5,"MIX FRUT. SECOS ECONOMICO x 1 kg",6.582,73,1,IZQ
6,"MIX FRUT. SECOS ECONOMICO x 2,5 kg",15.328,21,1,IZQ
7,"MIX PREMIUM S/MANI S/PASAS x 5 kg",99.484,68,1,IZQ
8,"MIX PREMIUM S/MANI S/PASAS x 1 kg",21.965,63,1,IZQ
9,"MIX PREMIUM S/MANI S/PASAS x 2,5 kg",52.013,67,1,IZQ
10,"MIX FRUT. SECOS CLASICO x 2,5",27.326,46,1,IZQ
11,"MIX FRUT. SECOS CLASICO x 1 kg",11.453,42,1,IZQ
12,"MIX FRUT. SECOS CLASICO x 5 kg",52.167,60,1,IZQ
13,"MIX DE ARANDANOS x 2.5 kg",22.894,70,1,IZQ
14,"MIX DE ARANDANOS x 1 kg",9.606,76,1,IZQ
15,"MIX ARANDANOS x 5 kg",43.678,80,1,IZQ
16,"MIX DE FRUTOS SECOS SIN PASAS x 2,5 kg",27.642,89,1,IZQ
17,"MIX DE FRUTOS SECOS SIN PASAS x 1 kg",11.585,22,1,IZQ
18,"MIX DE FRUTOS SECOS SIN PASAS x 5 kg",52.778,55,1,IZQ
19,"MIX DE FRUTOS SECOS C/ PASA Y MANI x1kg",9.343,20,1,IZQ
20,"MIX DE FRUTOS SECOS C/PASA Y MANI x2.5k",22.261,91,1,IZQ
21,"MIX DE FRUTOS SECOS C/PASA Y MANI x 5kg",42.465,49,1,IZQ
22,"AVENA TRADICIONAL tres arroyos x 30 kg",40.905,55,1,IZQ
23,"AVENA TRADICIONAL x 5 KG",7.426,13,1,IZQ
24,"AVENA INSTANTANEA tres arroyos x 30 Kg",42.214,99,1,IZQ
25,"AVENA INSTANTANEA x 5 KG",7.682,45,1,IZQ
26,"AVENA INSTANTANEA x 25 Kg",1.624,00,1,IZQ
27,"AVENA GRUESA x 5 kg",7.426,13,1,IZQ
28,"AVENA GRUESA tres arroyos x 30 kg",40.785,42,1,IZQ
29,"SALVADO DE AVENA x 25 kg",37.690,48,1,IZQ
30,"SALVADO DE AVENA x 5 kg",8.433,93,1,IZQ
31,"BARRITAS MUECAS cacao y avellana x 16u",17.268,94,1,IZQ
32,"BARRITAS MUECAS manzana y arandano x 16u",17.268,94,1,IZQ
33,"BARRITAS MUECAS pasas y almendras x 16u",17.268,94,1,IZQ
34,"BARRITAS MUECAS sin azucar x 16u",17.268,94,1,IZQ
35,"BARRITAS MUECAS banana y dul leche x 16u",17.268,94,1,IZQ
36,"PONT BARRITA PROTEICA VEGETAL x 12u",23.502,56,1,IZQ
37,"MACA -BLANCA- PERUANA kallpa x 500 gr",1.393,74,1,DER
38,"MACA NEGRA PERUANA x 150 gr",1.292,28,1,DER
39,"HARINA DE COCA + MACA x 90 Gr.",590,54,1,DER
40,"CARTILAGO DE TIBURON x 90 Gr.",590,54,1,DER
41,"HARINA DE CANNABIS SATIVA x 90gr",590,54,1,DER
42,"COLAGENO HIDROLIZADO x 90 gr",590,54,1,DER
43,"SPIRULINA + MACA x 90 gr",590,54,1,DER
44,"MORINGA EN POLVO x 90gr",590,54,1,DER
45,"GRAVIOLA EN POLVO x 90gr",590,54,1,DER
46,"CALCIO CUBANO x 90gr",590,54,1,DER
47,"SUPLEMENTO NUTRITIVO 0.44 x 90gr",590,54,1,DER
48,"COLAGENO 1 y 2 PLUS incaico x 30 comp",11.008,92,1,DER
49,"COLAGENO DIA Y NOCHE salutaris x 60 comp",16.937,59,1,DER
50,"SALUBIOTICS incaico (probiotico) x 30com",11.008,92,1,DER
51,"POTENCIADOR SHEN YING MAX incaico x4 com",5.081,52,1,DER
52,"SUPLEMENTO INMUNOVID x 30 comp",10.444,73,1,DER
53,"CASCARA SAGRADA + ALOE incaico x 20 comp",2.964,15,1,DER
54,"BLISTERA CASCARA SAGRADA + ALOE x20 blis",24.558,81,1,DER
55,"MAGNESIO + vitamina D incaico x 30 comp.",3.726,50,1,DER
56,"BLISTERA MAGNESIO + vitamina D x20 blis.",23.712,10,1,DER
57,"CITRATO DE MAGNESIO incaico x 30 comp.",7.057,03,1,DER
58,"BLISTERA CITRATO DE MAGN incaico x20 bli",44.605,19,1,DER
59,"LIBIDFEM SALUTARIS x 30 comp",9.679,41,1,DER
60,"LIBIDMEN SALUTARIS x 30 comp",9.679,41,1,DER
61,"VITAMINA D3 + K2 incaico x 30 comp",8.469,48,1,DER
62,"RESVERATROL incaico x 30 comp",15.525,38,1,DER
63,"CURCUMA JENG PIM NEGRA incaico x 30 comp",10.445,58,1,DER
64,"GINKGO + COLINA incaico x 30 comp",11.857,44,1,DER
65,"ACEITE OLIVA EXT VIRG Seis Marias x 1L",17.662,73,1,DER
66,"ACEITE OLIVA EXT VIRG Seis Marias x 250",6.607,64,1,DER
67,"ACEITE OLIVA EXT VIRG Seis Marias x 500",10.673,88,1,DER
68,"ACEITE OLIVA EXT VIRG Seis Marias x 2L",33.167,88,1,DER
69,"ACEITE OLIVA EXT VIRG Seis Marias x 5L",80.308,24,1,DER
70,"ACEITE DE COCO NEUTRO bio nativa x 100cc",3.795,72,1,DER
71,"ACEITE DE COCO NEUTRO bio nativa x 200cc",4.861,15,1,DER
72,"ZYMA BARRA mix tropical y quinoa x 10 un",8.807,29,2,IZQ
73,"ZYMA BARRA frutos secos y quinoa x 10 un",8.807,29,2,IZQ
74,"3 ARROYOS COPO NATURAL x 3.5 Kg",10.008,22,2,IZQ
75,"3 ARROYOS COPO AZUCARADO x 4 Kg",12.502,64,2,IZQ
76,"LASFOR ALMOHADITA DE FRUTILLA x 2.5Kg",15.588,43,2,IZQ
77,"LASFOR ALMOHADITA DE CHOCOLATE x 2.5Kg",17.422,67,2,IZQ
78,"LASFOR ALMOHADITA DE LIMON x 2.5 Kg",15.588,43,2,IZQ
79,"LASFOR ARITOS DE MIEL x 2 kg",9.504,31,2,IZQ
80,"LASFOR ALMOHADITA DE CHOC. BLANCO x 2.5K",17.422,15,2,IZQ
81,"LASFOR ALMOHADITA DE MANI x 2.5Kg",15.588,43,2,IZQ
82,"LASFOR ALMOHADITA DE AVELLANA x 2.5Kg",15.588,43,2,IZQ
83,"LASFOR ALMOHADITA DE SALVADO x 1.5Kg",6.536,17,2,IZQ
84,"LASFOR ALM. ARROZ DE FRUTILLA x 2.5 Kg",16.559,68,2,IZQ
85,"LASFOR ALM. ARROZ DE LIMON x 2.5 Kg",16.559,68,2,IZQ
86,"LASFOR ALM. ARROZ DE CHOCOLATE x 2.5 Kg",18.453,00,2,IZQ
87,"LASFOR ALM. ARROZ DE AVELLANA x 2.5 Kg",16.559,68,2,IZQ
88,"LASFOR FIBRITAS DE SALVADO x 2,5 Kg",9.748,68,2,IZQ
89,"ANILLO SABOR A FRUTA NUTRIFOOD x 2.5 Kg",12.545,20,2,IZQ
90,"BOLITAS DE CHOCOLATE NUTRIFOOD x 2.5 Kg",14.129,88,2,IZQ
91,"COPOS NATURALES NUTRIFOOD x 2.5 Kg",11.854,99,2,IZQ
92,"COPOS AZUCARADOS NUTRIFOOD x 2.5 Kg",11.478,92,2,IZQ
93,"OSITO AVENA Y MIEL NUTRIFOOD x 2.5 Kg",12.381,71,2,IZQ
94,"COPITA DE CHOCOLATE NUTRIFOOD x 2.5 Kg",14.785,21,2,IZQ
95,"OSITO FRUTILLA NUTRIFOOD x 2.5 Kg",13.852,09,2,IZQ
96,"COPOS INTEGRALES NUTRIFOOD x 2.5 Kg",13.687,65,2,IZQ
97,"GRANOLA NUTRIFOOD x 1,5 Kg",11.539,48,2,IZQ
98,"GRANOLA LIGHT (s/miel s/azucar) x 1 K",5.523,88,2,IZQ
99,"GRANOLA LIGHT (s/miel s/azucar) x 5 Kg",24.093,19,2,IZQ
100,"GRANOLA CROCANTE TROPICAL PREMIUM x 1 Kg",7.267,44,2,IZQ
101,"GRANOLA CROCANTE C/MIEL Y COCO x 1 kg",4.519,68,2,IZQ
102,"GRANOLA CROCANTE S/ PASAS PREMIUM x 1 Kg",5.996,28,2,IZQ
103,"GRANOLA CROCANTE C/MIEL x 1 Kg",4.455,47,2,IZQ
104,"GRANOLA CROCANTE C/MIEL x 5 Kg",21.249,56,2,IZQ
105,"GRANOLA CROCANTE C/MIEL PREMIUM x 1 Kg",5.931,01,2,IZQ
106,"GRANOLA CROC. S/PASAS (economica) x 1Kg",4.108,80,2,IZQ
107,"GRANOLA C/PASTA DE MANI PREMIUM x 1 Kg",6.275,54,2,IZQ
108,"GRANOLA C/ARANDANO Y COCO PREMIUM x 1Kg",8.268,96,2,IZQ
109,"TUTUCAS CON AZUCAR x 5 Kg",15.750,40,2,IZQ
110,"TUTUCAS CON AZUCAR x 1 kg",3.466,80,2,IZQ
111,"TUTUCAS C/EDULCORANTE x 3 Kg",14.330,51,2,IZQ
112,"TUTUCAS CON STEVIA x 3 Kg",12.583,20,2,IZQ
113,"ARROZ INFLADO AZUCARADO x 1 Kg",5.217,34,2,IZQ
114,"ACEITE DE COCO NEUTRO bio nativa x 360cc",5.700,33,2,DER
115,"ACEITE DE COCO NEUTRO bio nativa x 800cc",12.986,83,2,DER
116,"ACEITE DE COCO NEUTRO bio nativa x 5lts",56.408,39,2,DER
117,"ACEITE PURO DE PALTA x 250cc",11.195,89,2,DER
118,"ACEITE PURO DE LINO x 250cc",5.061,03,2,DER
119,"ACEITE PURO DE CHIA x 250cc",8.724,05,2,DER
120,"ACEITE DE ALMENDRA x 100cc",4.528,30,2,DER
121,"ACEITE DE ALMENDRA x 250cc",6.126,04,2,DER
122,"ACEITE DE ROMERO x 30cc",6.459,57,2,DER
123,"ACEITE DE ROSA MOSQUETA x 15cc",6.659,15,2,DER
124,"ACEITE DE JOJOBA x 30cc",4.463,82,2,DER
125,"SAL ROSADA DEL HIMALAYA x 25 kg (Fina)",45.735,52,2,DER
126,"SAL ROSADA DEL HIMALAYA x 1 kg (Fina)",2.184,98,2,DER
127,"SAL ROSADA DEL HIMALAYA x 5 kg (Fina)",9.652,80,2,DER
128,"SALSA DE SOJA sakanashi AMARILLA x 450c",2.954,12,2,DER
129,"SALSA DE SOJA sakanashi ROJA x 450cc",3.320,30,2,DER
130,"SALSA DE SOJA sakanashi AMARILLA x 1L",5.298,44,2,DER
131,"SALSA DE SOJA sakanashi ROJA x 1L",5.811,25,2,DER
132,"PIMIENTA NEGRA EN GRANO x 25 Kg",445.505,99,2,DER
133,"PIMIENTA NEGRA EN GRANO x 1 Kg",18.702,91,2,DER
134,"PIMIENTA NEGRA EN GRANO x 500 gr",9.796,98,2,DER
135,"PIMIENTA BLANCA EN GRANO x 25 Kg",799.930,50,2,DER
136,"PIMIENTA BLANCA EN GRANO x 1 Kg",34.585,19,2,DER
137,"PIMIENTA BLANCA EN GRANO x 500 gr",18.069,93,2,DER
138,"PIMIENTA NEGRA MOLIDA x 1 Kg",12.911,45,2,DER
139,"PIMIENTA BLANCA MOLIDA x 1 Kg",21.008,83,2,DER
140,"OREGANO EXTRA x 1 Kg",5.181,64,2,DER
141,"PROVENZAL x 1 Kg",7.031,70,2,DER
142,"PIMENTON EXTRA DULCE x 1 Kg",6.500,35,2,DER
143,"CONDIMENTO PARA PIZZA x 1 Kg",4.694,34,2,DER
144,"CHIMICHURRI PREMIUM x 1 Kg",6.384,40,2,DER
145,"AJO GRANULADO x 1 Kg",8.188,88,2,DER
146,"SAL MARINA MACROZEN (Fina) x 500gr",1.625,26,2,DER
147,"SAL MARINA MACROZEN (gruesa) x 500gr",1.610,63,2,DER
148,"COMINO MOLIDO x 1 Kg",6.120,49,2,DER
149,"AJI MOLIDO EXTRA x 1 Kg",9.846,17,2,DER
150,"PIMENTON EXTRA AHUMADO x 1 Kg",7.957,26,2,DER
151,"CEBOLLA EN ESCAMAS x 1 Kg",8.999,74,2,DER
152,"CEBOLLA EN ESCAMAS x 14 Kg",103.118,52,2,DER
153,"ALBAHACA DESHIDRATADA x 1 Kg",9.673,73,2,DER
154,"AJO EN POLVO x 1 Kg",7.692,35,2,DER
155,"CURRY EN POLVO x 1Kg",6.375,07,2,DER
156,"CURRY EN POLVO x 25 Kg",23.656,30,2,DER
157,"CURCUMA MOLIDA EXTRA x 1 Kg",9.716,02,2,DER
158,"JENGIBRE EN POLVO x 1 Kg",11.639,21,2,DER
159,"ARROZ INFLADO AZUCARADO x 3 Kg",14.456,77,3,IZQ
160,"QUINOA POP yin yang x 3 Kg",14.997,84,3,IZQ
161,"QUINOA POP yin yang ALGARROBA x 3 Kg",16.857,60,3,IZQ
162,"QUINOA POP yin yang ARANDANO x 3 Kg",16.857,60,3,IZQ
163,"AVELLANA PELADAS x 10 Kg",293.354,55,3,IZQ
164,"AVELLANA PELADA x 1kg",31.013,16,3,IZQ
165,"AVELLANA PELADA x 5kg",150.704,54,3,IZQ
166,"CASTAÑA DE CAJÚ W4 -Brasil- x 22.680 kg",373.235,20,3,IZQ
167,"CASTAÑA DE CAJÚ W4 x 1kg",16.056,60,3,IZQ
168,"CASTAÑA DE CAJU W4 x 2.5 kg",38.373,25,3,IZQ
169,"CASTAÑA DE CAJÚ W4 x 5 kg",73.444,87,3,IZQ
170,"CASTAÑA DE CAJÚ W4 -Vietnam- x 20 kg",285.719,67,3,IZQ
171,"CASTAÑA DE CAJÚ W4 -Brasil- x 1 kg",18.479,91,3,IZQ
172,"CASTAÑA DE CAJÚ W4 -Brasil- x 5 kg",84.593,13,3,IZQ
173,"CASTAÑA DE CAJÚ -salada- x 22.680 kg",357.771,34,3,IZQ
174,"CASTAÑA DE CAJÚ -salada- x 5 kg",80.910,90,3,IZQ
175,"CASTAÑA DE CAJÚ -salada- x 1 kg",17.047,80,3,IZQ
176,"PISTACHO SALADO x 1 Kg",35.030,60,3,IZQ
177,"PISTACHO SALADO x 10 Kg",325.953,60,3,IZQ
178,"PISTACHO SALADO x 500 gr",18.301,25,3,IZQ
179,"PISTACHO PELADO NATURAL x 1 Kg",72.177,55,3,IZQ
180,"PISTACHO PELADO NATURAL x 500 gr",37.714,07,3,IZQ
181,"PISTACHO PELADO NATURAL x 12 Kg",842.352,00,3,IZQ
182,"ALMENDRA NON PAREILL x 10 kg",191.983,74,3,IZQ
183,"ALMENDRA NON PAREILL x 1 Kg",21.539,06,3,IZQ
184,"ALMENDRA NON PAREILL x 2,5 kg",51.531,75,3,IZQ
185,"ALMENDRA NON PAREILL x 5 kg",98.665,80,3,IZQ
186,"ALMENDRA NON PAREILL x 22.68 Kg",435.419,12,3,IZQ
187,"MANI TOSTADO SALADO x 5 kg",11.032,01,3,IZQ
188,"MANI TOSTADO SALADO x 1 Kg",2.387,71,3,IZQ
189,"MANI TOSTADO SIN SAL x 5 kg",11.032,01,3,IZQ
190,"MANI TOSTADO SIN SAL x 1 kg",2.387,71,3,IZQ
191,"MANI CRUDO RUNER 38/42 x 25 kg",46.008,25,3,IZQ
192,"MANI CRUDO RUNER 38/42 x 1 kg",2.112,65,3,IZQ
193,"MANI CRUDO RUNER 38/42 x 5 kg",9.709,72,3,IZQ
194,"MANI TOSTADO SIN SAL x 25 kg",52.074,20,3,IZQ
195,"MANI TOSTADO SALADO x 25 kg",52.074,20,3,IZQ
196,"NUEZ MARIPOSA EXTRA LIGHT x 1 kg",20.036,70,3,IZQ
197,"NUEZ MARIPOSA EXTRA LIGHT x 2.5 kg",48.634,93,3,IZQ
198,"NUEZ MARIPOSA Extra Light x 5 kg",95.337,00,3,IZQ
199,"NUEZ MARIPOSA -ambar- x 1 Kg",10.611,20,3,IZQ
200,"NUEZ MARIPOSA -ambar- x 5 Kg",50.430,00,3,IZQ
201,"BICARBONATO DE SODIO x 1 Kg",2.449,45,3,DER
202,"BICARBONATO DE SODIO x 25 Kg",49.576,95,3,DER
203,"BICARBONATO DE SODIO x 5 Kg",10.890,70,3,DER
204,"POLVO DE HORNEAR s/tacc x 1 Kg",5.158,53,3,DER
205,"MOSTAZA AMARILLA EN GRANO x 25 Kg",81.415,44,3,DER
206,"MOSTAZA AMARILLA EN GRANO x 1 Kg",3.747,10,3,DER
207,"MIX DE PIMIENTAS EN GRANO x 10 Kg",257.406,45,3,DER
208,"MIX DE PIMIENTA EN GRANO x 1 Kg",26.902,21,3,DER
209,"MIX DE PIMIENTA EN GRANO x 500 gr",14.036,38,3,DER
210,"PAPRIKA x 1Kg",10.335,52,3,DER
211,"NUEZ MOSCADA MOLIDA x 1 Kg",15.606,66,3,DER
212,"NUEZ MOSCADA MOLIDA x 25 Kg",347.782,50,3,DER
213,"NUEZ MOSCADA -ENTERA- x 500 gr",19.225,75,3,DER
214,"PIMIENTA VERDE EN GRANO x 25 Kg",1.565.043,85,3,DER
215,"PIMIENTA VERDE EN GRANO x 500 gr",33.637,23,3,DER
216,"PIMIENTA ROSA EN GRANO x 500 gr",22.528,12,3,DER
217,"PIMIENTA ROSA EN GRANO x 10 Kg",420.039,19,3,DER
218,"CANELA EN RAMA x 25 Kg",1.307.277,47,3,DER
219,"CANELA EN RAMA x 500 gr",27.750,50,3,DER
220,"ANIS ESTRELLADO ENTERO x 10 Kg",297.217,73,3,DER
221,"ANIS ESTRELLADO ENTERO x 500 gr",16.031,21,3,DER
222,"CLAVO DE OLOR ENTERO x 25 Kg",827.369,21,3,DER
223,"CLAVO DE OLOR ENTERO x 500 gr",17.838,33,3,DER
224,"SAL ROSADA DEL HIMALAYA x 25 kg (Gruesa)",53.615,11,3,DER
225,"SAL ROSADA DEL HIMALAYA x 1 kg (Gruesa)",2.554,30,3,DER
226,"GARBANZO calibre 8 mm x 25 Kg",16.235,11,3,DER
227,"GARBANZO x 5 Kg",3.497,08,3,DER
228,"GARBANZO x 1 Kg",852,01,3,DER
229,"POROTO ALUBIA x 1 kg",1.964,99,3,DER
230,"MAIZ PISINGALLO x 20 KG",22.154,07,3,DER
231,"MAIZ PISINGALLO x 5 KG",5.897,25,3,DER
232,"MAIZ PISINGALLO x 1 kg",1.326,87,3,DER
233,"MAIZ PARTIDO BLANCO x 1 kg",2.046,22,3,DER
234,"MAIZ PARTIDO BLANCO x 5 Kg",8.998,62,3,DER
235,"MAIZ PARTIDO BLANCO x 30 kg",51.979,20,3,DER
236,"POROTO NEGRO x 25 kg",39.550,53,3,DER
237,"POROTO NEGRO x 5 kg",8.362,32,3,DER
238,"POROTO NEGRO x 1 kg",1.832,16,3,DER
239,"POROTO PALLARES x 25 Kg",119.360,47,3,DER
240,"POROTO PALLARES x 1 Kg",5.306,39,3,DER
241,"POROTO PALLARES x 5 Kg",24.883,20,3,DER
242,"POROTO COLORADO x 25 Kg",46.380,55,3,DER
243,"POROTO COLORADO x 1 Kg",2.129,08,3,DER
244,"POROTO COLORADO x 5 Kg",9.788,05,3,DER
245,"LENTEJA x 1 Kg",2.174,04,3,DER
246,"NUEZ BLANCA EN CUARTOS x 1 Kg",8.899,67,4,IZQ
247,"NUEZ BLANCA EN CUARTOS x 5 Kg",41.833,15,4,IZQ
248,"FRUTA MIXTA (P/compota) x 5 Kg",40.589,99,4,IZQ
249,"FRUTA MIXTA (P/compota) x 2,5 Kg",21.235,20,4,IZQ
250,"HIGOS TIERNIZADOS x 5 Kg",34.454,00,4,IZQ
251,"HIGOS TIERNIZADOS x 2,5 kg",18.084,51,4,IZQ
252,"MEDALLON DE DURAZNO MEDIANO x 5 Kg",54.141,99,4,IZQ
253,"MEDALLON DE DURAZNO x 2,5 kg",28.354,73,4,IZQ
254,"PASA DE UVA RUBIA x 10 Kg",71.586,00,4,IZQ
255,"PASAS UVA RUBIA x 5 kg",36.487,50,4,IZQ
256,"PASAS UVA RUBIA x 1 kg",7.580,76,4,IZQ
257,"PERA WILLIAM'S MEDIANAS x 5 Kg",44.280,00,4,IZQ
258,"PERA WILLIAM´S x 2,5 kg",23.218,52,4,IZQ
259,"PASAS DE UVA s/semilla x 10 Kg",37.260,00,4,IZQ
260,"PASA DE UVA s/semilla x 1 Kg",4.162,23,4,IZQ
261,"PASA DE UVA s/semilla x 5 Kg",19.547,59,4,IZQ
262,"CIRUELA D´AGEN SIN CAROZO x 5 kg",33.223,50,4,IZQ
263,"CIRUELA D'AGEN SIN CAROZO x 2,5 Kg",18.168,48,4,IZQ
264,"TOMATE DESECADO -premium- x 1 Kg.",7.814,08,4,IZQ
265,"TOMATE DESECADO -premium- x 3 kg",22.149,00,4,IZQ
266,"PASAS ARANDANOS ROJOS x 11.34 kg",132.260,55,4,IZQ
267,"PASAS ARANDANOS ROJOS x 1 kg",11.280,37,4,IZQ
268,"PASAS DE ARANDANOS ROJOS x 5 kg",59.982,52,4,IZQ
269,"FRUTA ESCURRIDA COMUN x 10 kg",32.051,36,4,IZQ
270,"FRUTA ESCURRIDA ESPECIAL x 10 kg",38.322,29,4,IZQ
271,"FRUTA ESCURRIDA x 2.5 Kg",8.693,37,4,IZQ
272,"FRUTA ESCURRIDA x 5Kg",16.559,53,4,IZQ
273,"MANZANA DESHIDRATADA EN CUBO x 10 kg",154.553,99,4,IZQ
274,"MANZANA DESHIDRATADA EN CUBO x 1 kg",16.678,40,4,IZQ
275,"ANANA EN CUBO ROJO x 1 kg",17.746,76,4,IZQ
276,"ANANA EN CUBO ROJO x 5 Kg",85.134,22,4,IZQ
277,"ANANA EN CUBO NATURAL x 1Kg",17.158,80,4,IZQ
278,"ANANA EN CUBO NATURAL x 5 Kg",82.302,00,4,IZQ
279,"ANANA EN RODAJAS x 1 kg",24.317,61,4,IZQ
280,"ANANA EN RODAJAS x 5 kg",116.862,85,4,IZQ
281,"BANANAS CHIP ENT. RODAJAS x 6.8 kg",64.702,08,4,IZQ
282,"BANANA CHIP`S ENTERAS x 1 kg",10.303,83,4,IZQ
283,"BANANA CHIP`S ENTERAS x 2,5 kg",24.529,11,4,IZQ
284,"PAPAYA EN CUBO VERDE x 5 Kg",63.383,51,4,IZQ
285,"PAPAYA EN CUBO VERDE x 1 Kg",13.120,02,4,IZQ
286,"ANANA CUBO VERDE x 1 kg",17.746,76,4,IZQ
287,"ANANA CUBO VERDE x 5 Kg",85.141,12,4,IZQ
288,"JENGIBRE GLASEADO en cubos x 1 kg",15.699,00,4,IZQ
289,"LENTEJA x 5 Kg",9.998,64,4,DER
290,"LENTEJA x 10 Kg",19.060,08,4,DER
291,"LENTEJA x 25 Kg",46.149,96,4,DER
292,"POROTO MUNG x 25 Kg",27.282,60,4,DER
293,"POROTO MUNG x 1 Kg",1.319,36,4,DER
294,"POROTO MUNG x 5 Kg",5.791,77,4,DER
295,"ARVEJA ENTERA x 25 Kg",18.751,50,4,DER
296,"ARVEJA ENTERA x 5 Kg",4.022,56,4,DER
297,"POROTO DE SOJA x 25 Kg",21.348,60,4,DER
298,"POROTO DE SOJA x 5 Kg",4.682,71,4,DER
299,"POROTO ADUKI x 25 Kg",30.845,01,4,DER
300,"POROTO ADUKI x 1 Kg",1.464,75,4,DER
301,"POROTO ADUKI x 5 Kg",6.483,20,4,DER
302,"LENTEJA TURCA x 25 kg",87.699,15,4,DER
303,"LENTEJA TURCA x 1 kg",3.925,52,4,DER
304,"LENTEJA TURCA x 5 kg",18.104,31,4,DER
305,"TRIGO CANDEAL x 1 Kg",1.300,02,4,DER
306,"TRIGO CANDEAL x 5 Kg",5.859,12,4,DER
307,"TRIGO CANDEAL x 30 Kg",33.142,71,4,DER
308,"FIDEOS DE ARROZ SPAGHETTI x 400 gr",3.825,48,4,DER
309,"FIDEOS DE ARROZ SPAGHETTI espinaca x 400",4.080,54,4,DER
310,"FIDEOS DE ARROZ SPAGHETTI morron x 400",4.080,54,4,DER
311,"COCO RALLADO High fat x 25 Kg",252.728,42,4,DER
312,"COCO RALLADO High fat x 1 kg",10.938,25,4,DER
313,"COCO RALLADO High fat x 5 kg",52.001,52,4,DER
314,"COCO RALLADO Medium fat x 25 Kg",191.666,06,4,DER
315,"COCO RALLADO Medium fat x 1 Kg",8.322,45,4,DER
316,"COCO RALLADO Medium fat x 5 Kg",39.465,18,4,DER
317,"COCO EN ESCAMAS x 1 kg",15.829,55,4,DER
318,"COCO EN ESCAMAS x 500 gr",8.463,93,4,DER
319,"COCO EN ESCAMAS x 10 Kg",149.462,62,4,DER
320,"CACAO AMARGO CALIDAD EXTRA x 25 Kg",251.119,88,4,DER
321,"CACAO AMARGO CALIDAD EXTRA x 1 Kg",11.146,28,4,DER
322,"CACAO AMARGO CALIDAD EXTRA x 5 Kg",52.380,80,4,DER
323,"AZUCAR ORGANICA MASCABO x 1kg",3.008,77,4,DER
324,"BALAJU AZUCAR ORGANICA MASCABO x 5 kg",16.621,92,4,DER
325,"BALAJU AZUCAR ORGANICA MASCABO x 10 kg",31.857,84,4,DER
326,"AZUCAR MASCABO economica x 10 kg",26.171,95,4,DER
327,"AZUCAR DE COCO x 25 Kg",218.588,81,4,DER
328,"AZUCAR DE COCO x 1 Kg",9.231,30,4,DER
329,"AZUCAR IMPALPABLE s/tacc x 1 Kg",1.836,33,4,DER
330,"AZUCAR IMPALPABLE s/tacc x 5 Kg",7.738,69,4,DER
331,"AZUCAR NEGRA s/tacc x 1 Kg",1.836,33,4,DER
332,"JENGIBRE GLASEADO en cubos x 5 kg",74.011,61,5,IZQ
333,"SEMILLA DE AMAPOLA x 25 kg",252.942,38,5,IZQ
334,"SEMILLA DE AMAPOLA x 1 kg",10.948,15,5,IZQ
335,"SEMILLA DE AMARANTO x 25 kg",125.263,92,5,IZQ
336,"SEMILLA DE AMARANTO x 1 kg",5.780,99,5,IZQ
337,"SEMILLA DE AMARANTO x 5 kg",26.249,29,5,IZQ
338,"SEMILLA DE AMARANTO x 2,5 kg",13.727,81,5,IZQ
339,"SEMILLA DE SESAMO INTEGRAL x 25 kg",38.124,00,5,IZQ
340,"SEMILLA DE SESAMO INTEGRAL x 1 kg",1.840,83,5,IZQ
341,"SEMILLA DE SESAMO INTEGRAL x 2,5 kg",4.256,16,5,IZQ
342,"SEMILLA SESAMO INTEGRAL x 5 Kg",8.063,77,5,IZQ
343,"SEMILLA DE SESAMO BLANCO x 25 kg",123.024,34,5,IZQ
344,"SEMILLA DE SESAMO BLANCO x 1 Kg",5.604,53,5,IZQ
345,"SEMILLA DE SESAMO BLANCO x 2,5 Kg",13.288,62,5,IZQ
346,"SEMILLA DE SESAMO BLANCO x 5 kg",25.366,83,5,IZQ
347,"SEMILLA DE QUINOA PERUANA x 25 kg",184.069,18,5,IZQ
348,"SEMILLA DE QUINOA PERUANA x 1 kg",8.439,59,5,IZQ
349,"SEMILLA DE QUINOA PERUANA x 2.5 kg",20.118,63,5,IZQ
350,"SEMILLA DE QUINOA PERUANA x 5 kg",38.520,63,5,IZQ
351,"SEMILLA DE LINO x 25 kg",47.887,60,5,IZQ
352,"SEMILLA DE LINO x 1 kg",2.153,69,5,IZQ
353,"SEMILLA DE LINO x 2,5 kg",5.193,47,5,IZQ
354,"SEMILLA DE LINO x 5 KG",9.982,60,5,IZQ
355,"SEMILLA de ZAPALLO x 25 kg",270.013,25,5,IZQ
356,"SEMILLA de ZAPALLO x 1kg",11.485,65,5,IZQ
357,"SEMILLA DE ZAPALLO x 500 gr",5.992,23,5,IZQ
358,"SEMILLA DE GIRASOL PELADA x 1 Kg",3.195,46,5,IZQ
359,"SEMILLA DE GIRASOL PELADA x 2,5 kg",7.507,99,5,IZQ
360,"SEMILLA DE GIRASOL PELADA x 5 kg",14.287,68,5,IZQ
361,"SEMILLA DE GIRASOL x 22.68 kg",62.416,40,5,IZQ
362,"SEMILLA DE SESAMO NEGRO x 25 Kg",177.715,45,5,IZQ
363,"SEMILLA DE SESAMO NEGRO x 1 Kg",8.046,33,5,IZQ
364,"SEMILLA DE SESAMO NEGRO x 2,5 Kg",19.149,59,5,IZQ
365,"SEMILLA SESAMO NEGRO x 5 Kg",36.601,11,5,IZQ
366,"SEMILLA DE PSYLLIUM x 25 kg",296.027,33,5,IZQ
367,"SEMILLA DE PSYLLIUM x 1 kg",13.330,78,5,IZQ
368,"SEMILLA DE CHIA x economica 20 Kg",76.160,00,5,IZQ
369,"SEMILLA DE CHIA x 1 kg",6.127,20,5,IZQ
370,"SEMILLA DE CHIA x 2,5 kg",14.473,80,5,IZQ
371,"SEMILLA DE CHIA x 5 kg",27.955,20,5,IZQ
372,"TRIGO BURGOL x 1 kg",1.611,89,5,IZQ
373,"TRIGO BURGOL x 5 kg",7.058,72,5,IZQ
374,"TRIGO BURGOL FINO x 30 kg",40.040,32,5,IZQ
375,"MIX DE SEMILLAS P/ ENSALADAS x 1 Kg",3.339,48,5,IZQ
376,"MIX DE SEMILLAS P/ ENSALADAS x 2.5 Kg",7.925,81,5,IZQ
377,"AZUCAR NEGRA s/tacc x 5 Kg",7.738,69,5,DER
378,"AZUCAR RUBIA s/tacc x 1 Kg",1.917,27,5,DER
379,"AZUCAR RUBIA s/tacc x 5 Kg",8.269,76,5,DER
380,"GELATINA SIN SABOR sin tacc x 1 Kg",19.886,93,5,DER
381,"AGUA DE AZAHAR sin tacc x 110 ml",1.746,09,5,DER
382,"POLVO DE HORNEAR s/tacc x 3 Kg",13.585,87,5,DER
383,"CAFE BAÑADO CON CHOCOLATE x 500 gr",15.527,37,5,DER
384,"NARANJA BAÑADA C/CHOCOLATE x 500gr",17.051,97,5,DER
385,"BALON DE CEREAL CON CHOCO. C/LECHE x500g",10.594,23,5,DER
386,"ALMENDRA BAÑADA CON CHOCOLATE x 500 gr",14.404,93,5,DER
387,"ARANDANO BAÑADO CON CHOCOLATE x 500 gr",17.051,97,5,DER
388,"MANI CON CHOCOLATE semiamargo x 500 gr",8.388,03,5,DER
389,"PASA DE UVA BAÑADAS CON CHOCOLATE x 500g",10.313,69,5,DER
390,"CHIPS DE CHOCOLATE semiamargo x 500 gr",5.082,87,5,DER
391,"CHIPS DE CHOCOLATE blanco x 500 gr",4.898,31,5,DER
392,"CONFITES CHOCOLATE tipo rocklets x 500 g",9.912,15,5,DER
393,"CHOCOLATINAS SEMIAMARGAS 50u x 5gr",11.315,19,5,DER
394,"CHOCOLATINAS C/LECHE S/AZUCAR 50u x 5g",12.207,30,5,DER
395,"CHOCOLATINAS C/STEVIA 70% CACAO 50u x 5g",13.117,82,5,DER
396,"TABLETA ORGANICA 80% CACAO 10u x 100gr",47.442,07,5,DER
397,"TABLETA ORGANICA 70% CACAO 10u x 100gr",44.051,93,5,DER
398,"TABLETA S/AZUCAR 55% CACAO 10u x 100gr",33.804,16,5,DER
399,"TABLETA C/STEVIA 70% CACAO 10u x 100gr",35.952,27,5,DER
400,"TABLETA ORGANICA 60% CACAO 10u x 100gr",40.602,12,5,DER
401,"70% - CHOCOLATE ALTO CONT. CACAO x 1 Kg",37.556,06,5,DER
402,"80% - CHOCOLATE ALTO CONT. CACAO x 1 Kg",41.613,87,5,DER
403,"100% - CHOCOLATE ALTO CONT. CACAO x 1 Kg",50.871,78,5,DER
404,"70% STEVIA - CHOCOLATE ALT. CACAO x 1K",34.920,15,5,DER
405,"LEVEX LEVADURA INSTANTANEA caja x 50 sob",16.424,08,5,DER
406,"MANZANILLA EN FLOR x 17 Kg",448.183,89,5,DER
407,"MANZANILLA EN FLOR x 1 Kg",27.981,13,5,DER
408,"MATE COCIDO EN POLVO INSTANTANEO x 100gr",3.412,50,5,DER
409,"TE NEGRO EN POLVO INSTANTANEO x 100gr",3.412,50,5,DER
410,"MULA CAFE TOSTADO MOLIDO suave x 250gr",9.618,36,5,DER
411,"MULA CAFE TOSTADO MOLIDO equilli x 250gr",9.618,36,5,DER
412,"MULA CAFE TOSTADO MOLIDO intenso x 250gr",9.618,36,5,DER
413,"TE VERDE EN HEBRAS x 10 kg",21.576,41,5,DER
414,"TE VERDE EN HEBRAS x 1 kg",2.548,83,5,DER
415,"TE NEGRO EN HEBRAS x 10 kg",21.576,41,5,DER
416,"TE NEGRO EN HEBRAS x 1 kg",2.548,83,5,DER
417,"MIX DE SEMILLAS P/ ENSALADAS x 5 Kg",15.261,45,6,IZQ
418,"MIX DE SEMILLAS P/ ENSALADAS x 20 Kg",58.713,92,6,IZQ
419,"MIX DE SEMILLAS P/ PAN Y GALLETAS x 1 Kg",4.347,54,6,IZQ
420,"MIX DE SEMILLAS P/ PAN Y GALLETAS x 2,5K",10.372,93,6,IZQ
421,"MIX DE SEMILLAS P/ PAN Y GALLETAS x 5 Kg",20.009,59,6,IZQ
422,"MIX DE SEMILLAS P/ PAN Y GALLETAS x 20Kg",77.122,02,6,IZQ
423,"TRIGO SARRACENO PELADO sin tacc x 20kg",86.122,00,6,IZQ
424,"TRIGO SARRACENO PELADO sin tacc x 1kg",5.090,08,6,IZQ
425,"SEMILLA DE FENOGRECO x 25 Kg",102.775,43,6,IZQ
426,"SEMILLA DE FENOGRECO x 1 Kg",4.700,27,6,IZQ
427,"ARROZ KOSHIHIKARI sushi x 30 kg",53.659,39,6,IZQ
428,"ARROZ KOSHIHIKARI sushi x 1 kg",2.138,38,6,IZQ
429,"ARROZ KOSHIHIKARI sushi x 5 kg",9.439,25,6,IZQ
430,"ARROZ YAMANI INTEGRAL caupolican x 25 k",39.051,10,6,IZQ
431,"ARROZ YAMANI INTEGRAL x 5 kg",8.122,72,6,IZQ
432,"ARROZ YAMANI INTEG. AGROECOLOGICO x 25Kg",43.160,10,6,IZQ
433,"ARROZ LARGO FINO INTEGRAL B Bonnet x25kg",26.406,29,6,IZQ
434,"ARROZ LARGO FINO INTEGRAL B Bonnet x 5kg",5.618,09,6,IZQ
435,"ARROZ NEGRO x 25 Kg",52.267,47,6,IZQ
436,"ARROZ NEGRO x 1 kg",2.385,02,6,IZQ
437,"ARROZ NEGRO x 5 kg",11.015,74,6,IZQ
438,"MAIZ FRITO sabor barbacoa España x 1 Kg",9.878,33,6,IZQ
439,"MAIZ FRITO sabor barbacoa España x 5 Kg",46.921,82,6,IZQ
440,"MAIZ FRITO sabor barbacoa España x 25 Kg",227.986,65,6,IZQ
441,"MAIZ FRITO sabor original España x 1 Kg",9.637,59,6,IZQ
442,"MAIZ FRITO sabor original España x 5 Kg",45.767,04,6,IZQ
443,"MAIZ FRITO sabor original España x 25 Kg",222.361,66,6,IZQ
444,"MAIZ FRITO mostaza y miel España x 1 Kg",10.679,99,6,IZQ
445,"MAIZ FRITO mostaza y miel España x 5 Kg",50.763,03,6,IZQ
446,"MAIZ FRITO mostaza y miel España x 25 K",246.696,58,6,IZQ
447,"MANI CROCANTE SABORIZADO jamon x 1Kg",3.049,81,6,IZQ
448,"MANI CROCANTE SABORIZADO pizza x 1Kg",3.049,81,6,IZQ
449,"MANI CROCANTE SABORIZADO queso x 1Kg",3.049,81,6,IZQ
450,"MANI CROCANTE SABORIZADO a granel x 25Kg",64.974,00,6,IZQ
451,"GARRAPIÑADA DE MANI x 1 kg",4.243,20,6,IZQ
452,"PAPAS FRITAS TUBO sabor original x 104gr",2.612,11,6,IZQ
453,"PAPAS FRITAS TUBO sabor queso x 104gr",2.612,11,6,IZQ
454,"PAPAS FRITAS TUBO sabor cebolla x 104gr",2.612,11,6,IZQ
455,"PAPAS FRITAS TUBO chile y lima x 104gr",2.612,11,6,IZQ
456,"PAPAS FRITAS TUBO sabor barbacoa x 104gr",2.612,11,6,IZQ
457,"MIX SALADO cervecero x 20 Kg",98.447,16,6,IZQ
458,"MIX SALADO cervecero x 1 Kg",5.401,32,6,IZQ
459,"YERBA MATE AJEDREZ canchada x 10 kg",36.482,42,6,DER
460,"TE ROJO EN HEBRAS x 10 kg",21.576,41,6,DER
461,"TE ROJO EN HEBRAS x 1 kg",2.548,83,6,DER
462,"YERBA KALENA DESPALADA (azul) x 10 Kg",63.313,58,6,DER
463,"YERBA KALENA DESPALADA (azul) x 500 gr",3.647,55,6,DER
464,"YERBA KALENA TRADICIONAL (roja) x 500 gr",3.028,00,6,DER
465,"YERBA KALENA DESPALADA (azul) x 2 Kg",13.846,79,6,DER
466,"YERBA KALENA TRADICIONAL (roja) x 2 Kg",11.369,10,6,DER
467,"YERBA MATE TUCANGUA convencional x 500gr",1.922,59,6,DER
468,"YERBA MATE TUCANGUA convencional x 1 Kg",3.487,45,6,DER
469,"YERBA MATE TUCANGUA organica x 1 Kg",5.904,05,6,DER
470,"YERBA MATE TUCANGUA x 2 kg",6.822,86,6,DER
471,"YERBA MATE TUCANGUA x 5 kg",14.711,10,6,DER
472,"YERBA MATE TUCANGUA x 10 kg",28.207,98,6,DER
473,"YERBA MATE TUCANGUA x 20 kg",53.495,65,6,DER
474,"JUGO DE ARAND. FRUTO DE VIDA x 1,5L",2.472,76,6,DER
475,"JUGO DE ARAND. FRUTO DE VIDA Chia x 1,5L",2.658,19,6,DER
476,"BOMBONES DE MEMBRILLO PIZARRO caja x 24u",9.244,80,6,DER
477,"MEMBRILLO GLASEADO pizarro x 650gr",4.365,60,6,DER
478,"HUMO LIQUIDO NATURAL el ahumador x250 ml",3.160,79,6,DER
479,"GASEOSA PRE Y PROBIOTICA LIMA LIMON lata",1.852,00,6,DER
480,"GASEOSA PRE Y PROBIOTICA NARANJA lata",1.852,00,6,DER
481,"GASEOSA PRE Y PROBIOTICA POMELO lata",1.852,00,6,DER
482,"GASEOSA PRE Y PROBIOTICA FRAM-LIMA lata",1.852,00,6,DER
483,"GASEOSA PRE Y PROBIOTICA FRUT-LIMON lata",1.852,00,6,DER
484,"KONY STEVIA LIQUIDA x 100 ml",2.181,44,6,DER
485,"KONY -LIFE- STEVIA PURA LIQUIDA x 100ml",3.080,22,6,DER
486,"KONY STEVIA LIQUIDA x 200ml",3.054,69,6,DER
487,"KONY -LIFE- STEVIA PURA LIQUIDA x 200ml",4.312,25,6,DER
488,"KONY STEVIA LIQUIDA x 500ml",5.886,40,6,DER
489,"KONY -LIFE- STEVIA PURA LIQUIDA x 500ml",8.639,32,6,DER
490,"KONY STEVIA EN SOBRES CAJA x 100u.",3.459,70,6,DER
491,"KONY STEVIA EN POLVO FRASCO x 90 gr.",3.694,80,6,DER
492,"KONY -EDULCORANTE- CLASICO x 200cc",1.316,18,6,DER
493,"KONY -EDULCORANTE- CLASICO x 500cc",2.397,18,6,DER
494,"TREVER STEVIA LIQUIDA x 100 ml",2.113,88,6,DER
495,"TREVER STEVIA LIQUIDA x 200ml",3.733,46,6,DER
496,"TREVER STEVIA LIQUIDA x 500ml",6.213,73,6,DER
497,"TREVER STEVIA EN SOBRES CAJA x 100u",3.229,20,6,DER
498,"TREVER STEVIA EN POLVO FRASCO x 90 gr",2.982,05,6,DER
499,"TREVER -PREMIUM- STEVIA LIQUIDA x 100 ml",4.292,35,6,DER
500,"MIX SALADO cervecero x 5 Kg",25.727,47,7,IZQ
501,"HARINA DE COCO -ECONOMICA- x 25 Kg",79.695,28,7,IZQ
502,"HARINA DE COCO -ECONOMICA- x 1 Kg",3.720,56,7,IZQ
503,"HARINA DE COCO -ECONOMICA- x 5 Kg",17.437,33,7,IZQ
504,"HARINA DE COCO -PREMIUM- x 1 Kg",5.960,67,7,IZQ
505,"HARINA DE COCO -PREMIUM- x 5 Kg",28.176,68,7,IZQ
506,"HARINA DE COCO -PREMIUM- x 25 Kg",134.485,16,7,IZQ
507,"HARINA DE ALMENDRAS sin piel x 10 Kg",209.874,84,7,IZQ
508,"HARINA DE ALMENDRAS sin piel x 1 Kg",22.219,51,7,IZQ
509,"HARINA DE ALMENDRAS (nacional) x 1 Kg",2.955,96,7,IZQ
510,"HARINA DE ALMENDRAS (nacional) x 25 Kg",65.396,47,7,IZQ
511,"HARINA DE ALMENDRAS (nacional) x 5 Kg",13.756,79,7,IZQ
512,"HARINA DE ARROZ x 5 Kg",5.834,16,7,IZQ
513,"HARINA DE ARROZ x 25 Kg",25.942,75,7,IZQ
514,"HARINA DE CHIA 1ra calidad x 25 kg",124.027,04,7,IZQ
515,"HARINA DE CHIA 1ra calidad x 1 kg",5.649,20,7,IZQ
516,"HARINA DE CHIA 1ra calidad x 5 kg",25.572,65,7,IZQ
517,"HARINA DE AVENA x 25 Kg",36.623,25,7,IZQ
518,"HARINA DE AVENA x 5 Kg",8.019,90,7,IZQ
519,"HARINA DE GARBANZO x 5 Kg",5.610,79,7,IZQ
520,"HARINA DE GARBANZO x 25 kg",26.369,09,7,IZQ
521,"HARINA DE LINO 1ra calidad x 25 kg",46.814,62,7,IZQ
522,"HARINA DE LINO 1ra calidad x 1 kg",2.233,82,7,IZQ
523,"HARINA DE LINO 1ra calidad x 5 kg",9.877,71,7,IZQ
524,"HARINA DE ABATI x 5 Kg",6.012,79,7,IZQ
525,"HARINA DE ABATI x 20 Kg",21.730,68,7,IZQ
526,"FECULA DE MANDIOCA s/ tacc x 25 kg",45.000,00,7,IZQ
527,"FECULA DE MANDIOCA s/ tacc x 1 Kg",2.497,50,7,IZQ
528,"FECULA DE MANDIOCA s/ tacc x 10 Kg",19.350,01,7,IZQ
529,"FECULA DE MANDIOCA x 5 Kg",9.477,00,7,IZQ
530,"POLENTA DEL CAMPO -TRADICIONAL- x 500gr",479,34,7,IZQ
531,"SOJA TEXTURIZADA- Fina - x 20 Kg",32.250,00,7,IZQ
532,"SOJA TEXTURIZADA - Fina - x 5 Kg",8.632,81,7,IZQ
533,"SOJA TEXTURIZADA- Gruesa - x 20 Kg",32.250,00,7,IZQ
534,"SOJA TEXTURIZADA- Gruesa - x 5 Kg",8.632,81,7,IZQ
535,"SOJA TEXTURIZADA- Gruesa - x 15 Kg",24.187,50,7,IZQ
536,"HARINA DE CENTENO x 5 Kg",6.605,27,7,IZQ
537,"HARINA DE CENTENO x 25 Kg",30.321,20,7,IZQ
538,"SALVADO DE TRIGO FINO x 25 Kg",10.245,82,7,IZQ
539,"SALVADO DE TRIGO FINO x 5 Kg",2.324,23,7,IZQ
540,"FECULA DE MAIZ sin tacc x 25 Kg",36.532,62,7,IZQ
541,"FECULA DE MAIZ sin tacc x 1 Kg",2.203,89,7,IZQ
542,"GERMEN DE TRIGO x 25 Kg",41.573,40,7,IZQ
543,"GERMEN DE TRIGO x 1 Kg",1.919,99,7,IZQ
544,"GERMEN DE TRIGO x 5 Kg",8.783,97,7,IZQ
545,"TREVER -PREMIUM- STEVIA LIQUIDA x 200 ml",6.998,66,7,DER
546,"TREVER -PREMIUM- STEVIA LIQUIDA x 500 ml",13.096,89,7,DER
547,"KONY ERITRITOL + STEVIA x 325 gr",15.522,19,7,DER
548,"GALLETA ARROZ BAÑADA CHOCOLATE x 88 gr",1.790,10,7,DER
549,"GALLETA ARROZ BAÑADA CHOC BLANCO x 88 gr",1.790,10,7,DER
550,"DISQUITOS DE ARROZ - SIN SAL-x 24u CAJA",6.523,92,7,DER
551,"DISQUITOS DE ARROZ - SALADO- x 24u CAJA",6.523,92,7,DER
552,"GALLE. MOLI. DEL BOSQUE-ORIGINAL-x 150gr",1.605,68,7,DER
553,"GALLE. MOLI. DEL BOSQUE- SIN SAL-x 150gr",1.605,68,7,DER
554,"GALLE. MOLI. DEL BOSQUE- DULCES-x 150gr",1.605,68,7,DER
555,"GALLE. MOLI. DEL BOSQUE-DULCE LIGHT-x150",1.605,68,7,DER
556,"GALLE. MOLI. DEL BOSQUE-INTEGRAL-x 150gr",1.605,68,7,DER
557,"COCOON LECHE DE almendra original x 1L",3.449,72,7,DER
558,"COCOON LECHE DE almendra sin azucar x 1L",3.449,72,7,DER
559,"COCOON LECHE DE coco sin azucar x 1L",3.449,72,7,DER
560,"DULCE DE LECHE KONY c/stevia x 440gr",5.178,10,7,DER
561,"MERMELADA KONY c/stevia FRUTILLA x360gr",3.775,22,7,DER
562,"MERMELADA KONY c/stevia DURAZNO x360gr",3.500,88,7,DER
563,"MERMELADA KONY c/stevia ARANDANO x360gr",5.147,22,7,DER
564,"MERM. DE CEREZA NEGRA C/STEVIA x 330 gr",4.640,40,7,DER
565,"MERMELADA DE CIRUELA C/STEVIA x 330 gr",4.010,01,7,DER
566,"MERMELADA DE DURAZNO C/STEVIA x 330 gr",4.640,40,7,DER
567,"MERMELADA DE FRUTILLA C/STEVIA x 330 gr",4.640,40,7,DER
568,"MERM. FRUTOS DEL BOSQ. C/STEVIA x 330 gr",4.640,40,7,DER
569,"MERMELADA DE HIGO C/STEVIA x 330 gr",4.010,01,7,DER
570,"MERMELADA DE MANGO C/STEVIA x 330 gr",4.640,40,7,DER
571,"MERM. DE ROSA MOSQUETA C/STEVIA x 330",4.640,40,7,DER
572,"MERMELADA DE ARANDANO C/STEVIA x 330 gr",4.640,40,7,DER
573,"MERMELADA DE FRAMBUESA C/STEVIA x 330 gr",5.314,49,7,DER
574,"MERMELADA DE MARACUYA C/STEVIA x 330 gr",5.314,49,7,DER
575,"MERM. DE NARANJA C/STEVIA x 330 gr",4.010,01,7,DER
576,"MERMELADA 3 CITRICOS C/STEVIA x 330 gr",4.010,01,7,DER
577,"MERM. MANGO Y FRUTILLA C/STEVIA x 330gr",4.640,40,7,DER
578,"MERMELADA DE MEMBRILLO C/STEVIA x 330 gr",4.640,40,7,DER
579,"MIEL PURA DE MONTE organica vidrio x 480",3.850,20,7,DER
580,"MIEL PURA DE MONTE organica vidrio x960g",6.706,80,7,DER
581,"MIEL PURA multifloral 4:8 x 500 gr",3.659,90,7,DER
582,"MIEL PURA multifloral 4:8 x 1 Kg",6.347,65,7,DER
583,"MIEL PURA multifloral 4:8 BALDE x 10 Kg",60.363,00,7,DER
584,"POLEN x 1Kg",36.551,20,7,DER
585,"PASTA MANI A GRANEL - balde x 23 Kg",54.339,04,7,DER
586,"HARINA DE MANI x 1 Kg",1.712,84,8,IZQ
587,"HARINA DE MANI x 5 Kg",7.789,71,8,IZQ
588,"HARINA DE MANI x 25 Kg",36.808,20,8,IZQ
589,"LECHE DE COCO EN POLVO x 15 Kg",304.314,87,8,IZQ
590,"LECHE DE COCO EN POLVO x 1 Kg",21.279,21,8,IZQ
591,"HARINA A BASE DE PISTACHO x 25 Kg",384.688,80,8,IZQ
592,"HARINA A BASE DE PISTACHO x 1 Kg",16.837,59,8,IZQ
593,"HARINA A BASE DE PISTACHO x 5 Kg",79.048,72,8,IZQ
594,"HARINA -INTEGRAL- ORGANICA Brotes x 1 Kg",2.451,10,8,IZQ
595,"HARINA -INTEGRAL- ORGANICA Brotes x 5 Kg",9.250,00,8,IZQ
596,"HARINA -INTEGRAL- ORGANICA Brotes x 25 K",34.648,00,8,IZQ
597,"HARINA DE TRIGO SARRACENO s/ tacc x 20Kg",75.751,46,8,IZQ
598,"HARINA DE TRIGO SARRACENO s/ tacc 1 Kg",4.475,92,8,IZQ
599,"HARINA INTEGRAL AGROECO Don Paisa x 25Kg",30.566,02,8,IZQ
600,"HARINA INTEGRAL AGROECO Don Paisa x 5 Kg",7.884,44,8,IZQ
601,"HARINA INTEGRAL AGROECO Don Paisa x 1 Kg",1.819,30,8,IZQ
602,"CAFE VERDE EN GRANO x 1Kg",16.823,25,8,IZQ
603,"CARDO MARIANO x 10 blister (100 caps)",26.890,58,8,IZQ
604,"OMEGA 3 x 9 blister (45 caps)",22.135,53,8,IZQ
605,"HONGO REISHI x 10 blister (100 caps)",21.807,60,8,IZQ
606,"CHLORELLA x 10 blister (100 caps)",20.905,85,8,IZQ
607,"MELENA DE LEON x 10 blister (100 caps)",40.745,78,8,IZQ
608,"VITAMINA B12 x 10 blister (100 caps)",20.225,32,8,IZQ
609,"PASTA DE MANI -TRADICIONAL-oddis x 350g",1.963,62,8,DER
610,"MANTEQUILLA DE MANI oddis x 490 gr",2.754,38,8,DER
611,"PASTA DE MANI -CROCANTE- oddis x 350 gr",1.963,62,8,DER
612,"GALL. INTEGRAL AVENA Y PASAS x 225g",2.004,93,8,DER
613,"GALL. INTEGRAL ALGARROBA x 225g",2.004,93,8,DER
614,"GALL. INTEGRAL CHIPS CHOC Y AVENA x 225g",2.667,42,8,DER
615,"GALL. INTEGRAL GRANOLA ALM Y MANI x 225g",2.400,08,8,DER
616,"GALLETA -ORGANICA- MIEL Y AVENA x 170g",1.708,64,8,DER
617,"GALLETA -ORGANICA- CACAO Y MIEL x 170g",1.708,64,8,DER
618,"ALFAJOR CHOC. NEGRO C/DULCE LECHE x 12u",17.459,40,8,DER
619,"ALFAJOR DE ALMENDRA CACAO 72% S/HAR x12u",27.888,29,8,DER
620,"CONITO CHOC. NEGRO C/ DUL. DE LECHE x12u",16.870,98,8,DER
621,"DULCE DE LECHE sin tacc x 450g vidrio",5.371,29,8,DER
622,"GALL. INTEGRAL AVENA Y PASAS x 225g",2.004,93,8,DER
623,"GALL. INTEGRAL ALGARROBA x 225g",2.004,93,8,DER
624,"GALL. INTEGRAL CHIPS CHOC Y AVENA x 225g",2.667,42,8,DER
625,"GALL. INTEGRAL GRANOLA ALM Y MANI x 225g",2.400,08,8,DER
626,"GALLETA -ORGANICA- MIEL Y AVENA x 170g",1.708,64,8,DER
627,"GALLETA -ORGANICA- CACAO Y MIEL x 170g",1.708,64,8,DER
628,"ALFAJOR CHOC. NEGRO C/DULCE LECHE x 12u",17.459,40,8,DER
629,"ALFAJOR DE ALMENDRA CACAO 72% S/HAR x12u",27.888,29,8,DER
630,"CONITO CHOC. NEGRO C/ DUL. DE LECHE x12u",16.870,98,8,DER
631,"DULCE DE LECHE sin tacc x 450g vidrio",5.371,29,8,DER
